{"cameraMode":{"drawMode":0,"name":"Shaded","section":"Shading Mode"},"sceneLighting":true,"audioPlay":false,"sceneViewState":{"showFog":true,"showMaterialUpdate":true,"showSkybox":true,"showFlares":true,"showImageEffects":true,"showParticleSystems":true},"in2DMode":false,"pivot":{"x":-4.110135078430176,"y":-0.17055892944335938,"z":3.1568918228149416},"rotation":{"x":-0.11275701969861984,"y":0.8868538737297058,"z":-0.30259057879447939,"w":-0.3304765224456787},"size":8.14949893951416,"orthographic":false}