{"cameraMode":{"drawMode":0,"name":"Shaded","section":"Shading Mode"},"sceneLighting":true,"audioPlay":false,"sceneViewState":{"showFog":true,"showMaterialUpdate":true,"showSkybox":true,"showFlares":true,"showImageEffects":true,"showParticleSystems":true},"in2DMode":false,"pivot":{"x":-7.639248371124268,"y":-1.0815753936767579,"z":-0.736844003200531},"rotation":{"x":0.6700499057769775,"y":-0.26970040798187258,"z":0.28725025057792666,"w":0.6291130781173706},"size":7.616499900817871,"orthographic":false}